{"Rows":{"Count":40},"Cols":{"Count":42},"Values":{"1,2":"TabContainer 选项卡容器","5,2":"选项卡"},"AttachInfos":{"9,2":{"CellType":{"$type":"Forguncy.TabControlCellType, ServerDesignerCommon","Tabs":["Value","Font"],"Style":{"BorderColor":"Background 1 -15","HoverColor":"#FF23527C","ActiveColor":"#FF555555"},"OverflowMode":1}}},"StyleDatas":{"Styles":[{"FontFamily":0,"FontSize":26.666666666666664,"Formatter":1},{"FontFamily":0,"FontSize":18.666666666666664,"FontWeight":2,"Formatter":1},{"FontFamily":0},{"Foreground":3}],"Types":{"Strs":["Body","[AUTO]General","Bold","Text 1 5"]},"CellStyles":{"1,2":0,"5,2":1,"5,3":2,"5,4":2,"5,5":2,"5,6":2,"5,7":2,"5,8":2,"5,9":2,"5,10":2,"5,11":2,"5,12":2,"5,13":2,"5,14":2,"5,15":2,"5,16":2,"5,17":2,"5,18":2,"5,19":2,"5,20":2,"5,21":2,"5,22":2,"5,23":2,"5,24":2,"5,25":2,"5,26":2,"5,27":2,"5,28":2,"5,29":2,"5,30":2,"5,31":2,"5,32":2,"5,33":2,"5,34":2,"5,35":2,"6,2":2,"6,3":2,"6,4":2,"6,5":2,"6,6":2,"6,7":2,"6,8":2,"6,9":2,"6,10":2,"6,11":2,"6,12":2,"6,13":2,"6,14":2,"6,15":2,"6,16":2,"6,17":2,"6,18":2,"6,19":2,"6,20":2,"6,21":2,"6,22":2,"6,23":2,"6,24":2,"6,25":2,"6,26":2,"6,27":2,"6,28":2,"6,29":2,"6,30":2,"6,31":2,"6,32":2,"6,33":2,"6,34":2,"6,35":2,"8,2":2,"8,3":2,"8,4":2,"8,5":2,"8,6":2,"8,7":2,"8,8":2,"8,9":2,"8,10":2,"8,11":2,"8,12":2,"8,13":2,"8,14":2,"8,15":2,"8,16":2,"8,17":2,"8,18":2,"8,19":2,"8,20":2,"8,21":2,"8,22":2,"8,23":2,"8,24":2,"8,25":2,"8,26":2,"8,27":2,"8,28":2,"8,29":2,"8,30":2,"8,31":2,"8,32":2,"8,33":2,"8,34":2,"8,35":2,"9,2":3,"32,2":2,"32,3":2,"32,4":2,"32,5":2,"32,6":2,"32,7":2,"32,8":2,"32,9":2,"32,10":2,"32,11":2,"32,12":2,"32,13":2,"32,14":2,"32,15":2,"32,16":2,"32,17":2,"32,18":2,"32,19":2,"32,20":2,"32,21":2,"32,22":2,"32,23":2,"32,24":2,"32,25":2,"32,26":2,"32,27":2,"32,28":2,"32,29":2,"32,30":2,"32,31":2,"32,32":2,"32,33":2,"32,34":2,"32,35":2,"34,21":2,"34,22":2,"34,23":2,"34,24":2,"34,25":2,"34,26":2,"34,27":2,"34,28":2,"34,29":2,"34,30":2,"34,31":2,"34,32":2,"34,33":2,"34,34":2,"34,35":2,"34,36":2,"34,37":2,"34,38":2,"34,39":2,"35,21":2,"35,22":2,"35,23":2,"35,24":2,"35,25":2,"35,26":2,"35,27":2,"35,28":2,"35,29":2,"35,30":2,"35,31":2,"35,32":2,"35,33":2,"35,34":2,"35,35":2,"35,36":2,"35,37":2,"35,38":2,"35,39":2,"36,21":2,"36,22":2,"36,23":2,"36,24":2,"36,25":2,"36,26":2,"36,27":2,"36,28":2,"36,29":2,"36,30":2,"36,31":2,"36,32":2,"36,33":2,"36,34":2,"36,35":2,"36,36":2,"36,37":2,"36,38":2,"36,39":2,"37,21":2,"37,22":2,"37,23":2,"37,24":2,"37,25":2,"37,26":2,"37,27":2,"37,28":2,"37,29":2,"37,30":2,"37,31":2,"37,32":2,"37,33":2,"37,34":2,"37,35":2,"37,36":2,"37,37":2,"37,38":2,"37,39":2,"38,21":2,"38,22":2,"38,23":2,"38,24":2,"38,25":2,"38,26":2,"38,27":2,"38,28":2,"38,29":2,"38,30":2,"38,31":2,"38,32":2,"38,33":2,"38,34":2,"38,35":2,"38,36":2,"38,37":2,"38,38":2,"38,39":2,"39,21":2,"39,22":2,"39,23":2,"39,24":2,"39,25":2,"39,26":2,"39,27":2,"39,28":2,"39,29":2,"39,30":2,"39,31":2,"39,32":2,"39,33":2,"39,34":2,"39,35":2,"39,36":2,"39,37":2,"39,38":2,"39,39":2},"SheetStyle":{"FontFamily":0}},"Spans":["5,2,2,9","9,2,21,38","1,2,2,16"],"PageInfo":{"$type":"Forguncy.Model.Pages.NormalPage, ServerDesignerCommon","MasterPageName":"LearnParentPage","AuthorizeInfo":{"VisitMode":7,"AllowVisitedRoles":["Administrator"]},"RowBreakLines":[],"RepeatRangeSettings":[]},"PrintInfo":{"Margin":{},"Orientation":2,"PaperSize":{}}}