{"Rows":{"Count":15},"Cols":{"Count":31},"Values":{"1,1":"支持的浏览器","11,1":"Google Chrome","11,11":"Microsoft Edge","11,21":"Internet Explorer 11"},"AttachInfos":{"4,1":{"CellType":{"$type":"Forguncy.ImageCellType, ServerDesignerCommon","ImagePath":"File/360_html_file_1.svg","BuiltIn":true,"Color":"Accent 1 40"}},"4,11":{"CellType":{"$type":"Forguncy.ImageCellType, ServerDesignerCommon","ImagePath":"File/360_html_file_1.svg","BuiltIn":true,"Color":"Accent 2 40"}},"4,21":{"CellType":{"$type":"Forguncy.ImageCellType, ServerDesignerCommon","ImagePath":"File/360_html_file_1.svg","BuiltIn":true,"Color":"Accent 4 40"}}},"StyleDatas":{"Styles":[{"FontFamily":0,"FontSize":18.666666666666664,"FontWeight":1},{"FontFamily":0},{"FontFamily":0,"FontSize":14.666666666666666,"HorizontalAlignment":2},{"FontFamily":0,"FontSize":16.0,"HorizontalAlignment":2}],"Types":{"Strs":["Body","Bold","Center"]},"CellStyles":{"1,1":0,"1,2":1,"1,3":1,"1,4":1,"1,6":1,"1,7":1,"1,8":1,"1,9":1,"1,10":1,"1,11":1,"1,12":1,"1,13":1,"1,15":1,"1,16":1,"1,17":1,"1,18":1,"1,19":1,"1,20":1,"1,21":1,"1,22":1,"1,23":1,"1,24":1,"1,25":1,"1,26":1,"1,27":1,"1,28":1,"1,29":1,"2,1":1,"2,2":1,"2,3":1,"2,4":1,"2,6":1,"2,7":1,"2,8":1,"2,9":1,"2,10":1,"2,11":1,"2,12":1,"2,13":1,"2,15":1,"2,16":1,"2,17":1,"2,18":1,"2,19":1,"2,20":1,"2,21":1,"2,22":1,"2,23":1,"2,24":1,"2,25":1,"2,26":1,"2,27":1,"2,28":1,"2,29":1,"4,11":1,"4,21":1,"11,1":2,"11,2":1,"11,3":1,"11,4":1,"11,6":1,"11,7":1,"11,8":1,"11,9":1,"11,10":1,"11,11":2,"11,12":1,"11,13":1,"11,14":1,"11,15":1,"11,16":1,"11,17":1,"11,18":1,"11,19":1,"11,20":1,"11,21":3,"11,22":1,"11,23":1,"11,24":1,"11,25":1,"11,26":1,"11,27":1,"11,28":1,"12,1":1,"12,2":1,"12,3":1,"12,4":1,"12,6":1,"12,7":1,"12,8":1,"12,9":1,"12,10":1,"12,11":1,"12,12":1,"12,13":1,"12,14":1,"12,15":1,"12,16":1,"12,17":1,"12,18":1,"12,19":1,"12,20":1,"12,21":1,"12,22":1,"12,23":1,"12,24":1,"12,25":1,"12,26":1,"12,27":1,"12,28":1},"SheetStyle":{"FontFamily":0}},"Spans":["1,1,2,29","11,11,2,8","11,1,2,8","11,21,2,8","4,1,7,8","4,11,7,8","4,21,7,8"],"PageInfo":{"$type":"Forguncy.Model.Pages.NormalPage, ServerDesignerCommon","AuthorizeInfo":{"VisitMode":7,"AllowVisitedRoles":["Administrator"]},"RowBreakLines":[],"RepeatRangeSettings":[]},"PrintInfo":{"Margin":{},"PaperSize":{}}}